asset_code,asset,life,GDS,ADS,method,b,Y,Y_star,beta,Z,delta_tau
EP1A,Mainframes,6,5,5,200%,2.0,5,2.5,0.4,0.9054902818889663,0.47904612350296094
EP1B,PCs,6,5,5,150%,1.5,5,1.666666666666667,0.3,0.8928385760855821,0.4165858120729289
EP1C,DASDs,6,5,5,sl,1.0,5,0.0,0.2,0.8847968677143805,0.38401597689233424
EP1D,Printers,6,5,5,200%,2.0,5,2.5,0.4,0.9054902818889663,0.47904612350296094
